<?xml version="1.0" encoding="UTF-8"?>
<!DOCTYPE properties SYSTEM "http://java.sun.com/dtd/properties.dtd">
<properties>
    <entry key="val1">PRICE_PLAN_CODE</entry>
    <entry key="val2">VARCHAR(100)</entry>
    <entry key="val3">PK</entry>
    <entry key="val4">MF Container PO</entry>
    <entry key="val5">HIGH_LEVEL_OFFERING_CODE</entry>
    <entry key="val6">VARCHAR(30)</entry>
    <entry key="val7">Product Offering Code</entry>
    <entry key="val8">Price Plan Code</entry> 
</properties>